Nomor,nomor induk
1,1461404899
2,1461404900
3,1461404901
4,1461404902
5,1461404903
6,1461404904
7,1461404905
8,1461404906
9,1461404907
10,1461404908
11,1461404909
12,1461404910
13,1461404911
14,1461404912
15,1461404913
16,1461404914
17,1461404915
18,1461404916
19,1461404917
20,1461404918
21,1461404919
22,1461404920
23,1461404921
24,1461404922
25,1461404923
26,1461404924
27,1461404925
28,1461404926
29,1461404927
30,1461404928
31,1461404929
32,1461404930
33,1461404931
34,1461404932
35,1461404933
36,1461404934
37,1461404935
38,1461404936
39,1461404937
40,1461404938
41,1461404939
42,1461404940
43,1461404941
44,1461404942
45,1461404943
46,1461404944
47,1461404945
48,1461404946
49,1461404947
50,1461404948
51,1461404949
52,1461404950
53,1461404951
54,1461404952
55,1461404953
56,1461404954
57,1461404955
58,1461404956
59,1461404957
60,1461404958
61,1461404959
62,1461404960
63,1461404961
64,1461404962
65,1461404963
66,1461404964
67,1461404965
68,1461404966
69,1461404967
70,1461404968
71,1461404969
72,1461404970
73,1461404971
74,1461404972
